{
  "run_name": "r2_full_lr1e4_wd1e3_warmup01",
  "status": "completed",
  "total_steps": 753138,
  "total_epochs": 1,
  "final_train_loss": 1.7260000705718994,
  "final_val_loss": 1.7371793477288215,
  "best_val_loss": 1.7371793477288215
}